{"cameraMode":{"drawMode":0,"name":"Shaded","section":"Shading Mode"},"sceneLighting":false,"audioPlay":false,"sceneViewState":{"m_AlwaysRefresh":false,"showFog":true,"showSkybox":false,"showFlares":true,"showImageEffects":true,"showParticleSystems":true,"showVisualEffectGraphs":true,"m_FxEnabled":true},"in2DMode":false,"pivot":{"x":33.906951904296878,"y":3.226351261138916,"z":28.162843704223634},"rotation":{"x":0.011204549111425877,"y":-0.9864882230758667,"z":0.14486758410930634,"w":0.07621519267559052},"size":4.635087013244629,"orthographic":false}