{"cameraMode":{"drawMode":0,"name":"Shaded","section":"Shading Mode"},"sceneLighting":false,"audioPlay":false,"sceneViewState":{"m_AlwaysRefresh":false,"showFog":true,"showSkybox":false,"showFlares":true,"showImageEffects":true,"showParticleSystems":true,"showVisualEffectGraphs":true,"m_FxEnabled":true},"in2DMode":false,"pivot":{"x":-0.006209135055541992,"y":0.4264299273490906,"z":0.10555410385131836},"rotation":{"x":-0.07263125479221344,"y":0.43219849467277529,"z":0.03495049476623535,"w":0.8981668949127197},"size":0.9515090584754944,"orthographic":false}