{"cameraMode":{"drawMode":0,"name":"Shaded","section":"Shading Mode"},"sceneLighting":false,"audioPlay":false,"sceneViewState":{"m_AlwaysRefresh":false,"showFog":true,"showSkybox":false,"showFlares":true,"showImageEffects":true,"showParticleSystems":true,"showVisualEffectGraphs":true,"m_FxEnabled":true},"in2DMode":false,"pivot":{"x":-0.07744073867797852,"y":0.14559075236320496,"z":-0.9371130466461182},"rotation":{"x":-0.1766921877861023,"y":-0.7378935217857361,"z":0.2116471529006958,"w":-0.6161256432533264},"size":1.5347670316696168,"orthographic":false}