{"cameraMode":{"drawMode":0,"name":"Shaded","section":"Shading Mode"},"sceneLighting":false,"audioPlay":false,"sceneViewState":{"m_AlwaysRefresh":false,"showFog":true,"showSkybox":false,"showFlares":true,"showImageEffects":true,"showParticleSystems":true,"showVisualEffectGraphs":true,"m_FxEnabled":true},"in2DMode":false,"pivot":{"x":0.024194657802581788,"y":0.16743171215057374,"z":0.014830350875854493},"rotation":{"x":0.12493349611759186,"y":0.6768726706504822,"z":-0.11814773827791214,"w":0.7157400846481323},"size":1.058921217918396,"orthographic":false}