{"cameraMode":{"drawMode":0,"name":"Shaded","section":"Shading Mode"},"sceneLighting":false,"audioPlay":false,"sceneViewState":{"m_AlwaysRefresh":false,"showFog":true,"showSkybox":false,"showFlares":true,"showImageEffects":true,"showParticleSystems":true,"showVisualEffectGraphs":true,"m_FxEnabled":true},"in2DMode":false,"pivot":{"x":0.009194374084472657,"y":4.227618217468262,"z":-0.06852421164512634},"rotation":{"x":0.037542831152677539,"y":-0.9291963577270508,"z":0.09663783758878708,"w":0.3561592698097229},"size":2.917996644973755,"orthographic":false}