{"cameraMode":{"drawMode":0,"name":"Shaded","section":"Shading Mode"},"sceneLighting":true,"audioPlay":false,"sceneViewState":{"m_AlwaysRefresh":false,"showFog":true,"showSkybox":true,"showFlares":true,"showImageEffects":true,"showParticleSystems":true,"showVisualEffectGraphs":true,"m_FxEnabled":true},"in2DMode":false,"pivot":{"x":63.622493743896487,"y":-0.30135440826416018,"z":58.403404235839847},"rotation":{"x":0.06920481473207474,"y":0.7768093943595886,"z":-0.08654426783323288,"w":0.6202791333198547},"size":25.075855255126954,"orthographic":false}