{"cameraMode":{"drawMode":0,"name":"Shaded","section":"Shading Mode"},"sceneLighting":false,"audioPlay":false,"sceneViewState":{"m_AlwaysRefresh":false,"showFog":true,"showSkybox":false,"showFlares":true,"showImageEffects":true,"showParticleSystems":true,"showVisualEffectGraphs":true,"m_FxEnabled":true},"in2DMode":false,"pivot":{"x":-0.8149078488349915,"y":6.347289085388184,"z":45.721439361572269},"rotation":{"x":-0.09874549508094788,"y":-0.6949017643928528,"z":0.09833589196205139,"w":-0.7055274844169617},"size":2.6069929599761965,"orthographic":true}