{"cameraMode":{"drawMode":0,"name":"Shaded","section":"Shading Mode"},"sceneLighting":false,"audioPlay":false,"sceneViewState":{"m_AlwaysRefresh":false,"showFog":true,"showSkybox":false,"showFlares":true,"showImageEffects":true,"showParticleSystems":true,"showVisualEffectGraphs":true,"m_FxEnabled":true},"in2DMode":false,"pivot":{"x":-0.20308637619018556,"y":8.100598335266114,"z":-0.017688989639282228},"rotation":{"x":-0.07804620265960694,"y":0.28515514731407168,"z":-0.022494688630104066,"w":-0.9550666809082031},"size":8.138708114624024,"orthographic":false}