{"cameraMode":{"drawMode":0,"name":"Shaded","section":"Shading Mode"},"sceneLighting":false,"audioPlay":false,"sceneViewState":{"m_AlwaysRefresh":false,"showFog":true,"showSkybox":false,"showFlares":true,"showImageEffects":true,"showParticleSystems":true,"showVisualEffectGraphs":true,"m_FxEnabled":true},"in2DMode":false,"pivot":{"x":19.673063278198243,"y":3.249330997467041,"z":53.02031326293945},"rotation":{"x":0.020740138366818429,"y":0.9766834378242493,"z":-0.17873245477676392,"w":0.11754772067070008},"size":2.629967451095581,"orthographic":false}