{"cameraMode":{"drawMode":0,"name":"Shaded","section":"Shading Mode"},"sceneLighting":false,"audioPlay":false,"sceneViewState":{"m_AlwaysRefresh":false,"showFog":true,"showSkybox":false,"showFlares":true,"showImageEffects":true,"showParticleSystems":true,"showVisualEffectGraphs":true,"m_FxEnabled":true},"in2DMode":false,"pivot":{"x":0.07157957553863526,"y":0.17406073212623597,"z":0.06578505039215088},"rotation":{"x":0.03127136453986168,"y":0.7509243488311768,"z":-0.03680151328444481,"w":0.6586200594902039},"size":0.4613986313343048,"orthographic":false}