{"cameraMode":{"drawMode":0,"name":"Shaded","section":"Shading Mode"},"sceneLighting":false,"audioPlay":false,"sceneViewState":{"m_AlwaysRefresh":false,"showFog":true,"showSkybox":false,"showFlares":true,"showImageEffects":true,"showParticleSystems":true,"showVisualEffectGraphs":true,"m_FxEnabled":true},"in2DMode":false,"pivot":{"x":0.05866408348083496,"y":5.419426918029785,"z":0.1776435375213623},"rotation":{"x":0.037542831152677539,"y":-0.9291963577270508,"z":0.09663783758878708,"w":0.3561592698097229},"size":3.541100025177002,"orthographic":false}